{"cameraMode":{"drawMode":0,"name":"Shaded","section":"Shading Mode"},"sceneLighting":true,"audioPlay":false,"sceneViewState":{"m_AlwaysRefresh":false,"showFog":true,"showSkybox":true,"showFlares":true,"showImageEffects":true,"showParticleSystems":true,"showVisualEffectGraphs":true,"m_FxEnabled":true},"in2DMode":false,"pivot":{"x":-0.39641672372817995,"y":-2.3266210556030275,"z":0.9468002319335938},"rotation":{"x":-0.018031978979706765,"y":0.9435707330703735,"z":-0.32669270038604739,"w":-0.05214381590485573},"size":4.4500017166137699,"orthographic":false}